스펜서,스미스
머피,존슨
헨더슨,윌리엄스
미첼,브라운
그리핀,존스
리드,데이비스
토마스,밀러
포스터,윌슨
산체스,무어
파커,타일러
로빈슨,앤더슨
월리스,토마스
앤드루스,잭슨
현관,화이트
마르티네스,해리스
케네디,마틴
암스트롱,톰슨
마이어스,가르시아
하워드,마르티네즈
딕슨,로빈슨
레이,클라크
에반스,로드리게즈
페레스,루이스
밀러,리
파머,워커
오웬스,홀
모건,앨런
에르난데스,영
이,헤르난데스
쿡,킹
프라이스,라이트
해리슨,로페즈
맥도널드,힐
갈색,스콧
피어스,그린
레인,아담스
락,베이커
프랭클린,곤잘레즈
커닝햄,넬슨
회색,카터
심스,미첼
로즈,퍼레즈
앤더슨,로버츠
애덤스,터너
스티븐스,필립스
플로레스,캠벨
필립스,파커
헌터,에반스
해리스,에드워즈
시몬스,콜린스
웰스,스튜어트
존슨,산체스
고든,모리스
로페즈,로저스
페리,리드
던컨,쿡
밥,모건
홈즈,벨
피터스,머피
가드너,벨리
고메즈,리베라
폭스,쿠퍼
스나이더,리차드슨
버틀러,콕스
밀스,하워드
퍼킨스,워드
서스틴,토레스
피셔,피터슨
메이슨,그레이
오르티스,라미레즈
존스,제임스
테일러,왓슨
엘리스,브룩스
아놀드,켈리
나이트,샌더스
러셀,프라이스
크루즈,베넷
캐럴,우드
가르시아,반스
반스,로스
터너,핸더슨
쇼,콜먼
던,잰킨슨
라일리,페리
와드,파웰
톰슨,롱
콕스,패터슨
알렌,휴즈
에드워즈,플로레스
포드,워싱턴
하트,버틀러
로저스,심슨
로렌스,포스터
레이예스,곤잘레스
레이트,브라이언트
베일리,알렉산더
로버츠,러셀
그레이엄,그리핀
카펜터,디아즈
허트,헤이즈
스캇,마이어스
우드,포드
영,헤밀턴
그린,그레이엄
윌리스,설리번
켈리,월리스
베리,우즈
다니엘스,콜
베넷,웨스트
화이트,요르단
웹,오웬스
터커,레이놀즈
베이커,피셔
힉스,엘리스
로스,해리슨
설리번,깁슨
제임스,맥도날드
워커,크루즈
해밀턴,마샬
윌리엄스,오르티즈
왓킨스,고메즈
클라크,머레이
젠킨스,프리맨
마셜,웰즈
워렌,웹
패터슨,심슨
콜린스,스티븐즈
페인,터커
니콜스,포터
보이드,헌터
마틴,힉스
루이스,크로포드
차베스,헨리
바그너,보이드
워싱턴,메이슨
허드슨,모랄레즈
콜먼,케네디
쿠퍼,워렌
매튜스,딕슨
웨스트,로머슨
호킨스,레예스
헤이스,번즈
넬슨,고든
로버트슨,쇼
킹,홈즈
크로포드,라이스
포터,로버트슨
파월,헌트
심슨,블랙
잭슨,다니엘스
레이놀즈,파머
리베라,밀스
라미레스,니콜스
브래들리,그랜트
곤잘레스,나이트
핸리다,퍼거슨
모리스,로즈
브라이언트,스톤
무어,호킨스
벨,던
엘리엇,퍼킨스
하퍼,허드슨
위버,스펜서
힐,가드너
퍼거슨,스티븐스
스튜어트,페인
모랄레스,피어슨
로슨,베리
올슨,매튜스
머레이,아놀드
카터,바그너
스미스,월리스
루이즈,레이
번즈,왓킨스
포레스트,올슨
토레스,캐롤
깁슨,던컨
왓슨,스나이더
조던,허트
리처드슨,커닝햄
롱,브래들리
알렉산더,레인
라모스,앤드류스
로드리게스,루이즈
데이비스,하퍼
피터슨,폭스
휴즈,라일리
디아즈,암스트롱
윌슨,카펜더
샌더스,위버
캠벨,그린
블랙,로렌스
그렌트,엘리엇
프리먼,차베스
브룩스,심즈
,서스틴
,피터스
,켈리
,프랭클린
,로손