가,이준
봉,유빈
동,하영
묵,이서
고,예빈
도,정은
표,소연
팽,은호
노,재윤
사,소은
유,준
산,승민
민,우주
담,완명
금,하린
란,성준
서,주안
포,예성
견,다윤
자,서현
국,민성
김,서우
윤,시연
제,유주
태,예나
추,성민
좌,세은
목,형수
미,태현
간,채은
류,도연
형,가윤
라,유나
현,채린
임,지후
야,준호
내,시은
정,예진
차,수빈
순,은채
옹,지아
황,지훈
곡,지현
선,나은
안,의용
대,주아
양,예린
뢰,성원
영,석준
진,은서
주,민준
당,나현
방,민우
매,천성
탕,지수
총,도윤
어,민주
부,하은
완,건우
조,예지
천,지호
염,하준
궁,동엽
다,윤호
빙,욱연
피,민호
두,서영
판,승우
나,지유
애,민재
초,하람
요,예준
감,채윤
강,예은
독,서
아,아
송,로운
난,준우
화,은찬
종,기천
근,주원
배,지민
경,지안
박,소율
설,민규
원,태양
우,아영
관,예원
탄,민찬
상,시원
랑,은성
전,만은
손,시현
용,연서
점,강민
학,민정
단,서진
보,이든
여,태윤
갈,다인
기,서은
심,윤성
돈,연정
시,철수
삼,정우
로,하연
권,태민
신,승아
문,지은
장,성현
수,건
비,가은
남,민서
석,민지
한,이안
지,동현
공,나윤
엽,유진
예,우진
최,우빈
온,수아
모,수현
곽,현우
교,서연
창,다은
왕,준희
빈,율
증,채아
마,윤지
무,지한
하,한결
묘,윤재
필,지우
변,현직
은,지성
백,아윤
승,정민
해,원성
등,주호
구,환명
번,지율
호,윤서
위,서희
운,준수
섭,나연
소,찬형
엄,현준
오,민아
후,시우
홍,수민
음,강우
이,승표
복,윤우
반,지연
허,재민
궉,석
연,서준
범,다연
만,연욱
채,준혁
평,진희
성,선우
풍,아린
계,서윤
,이현
,형찬
,준석
,하진
,윤아
,시후
,예찬
,다현
,아인
,재현
,서율
,지원
,혜원
,시아
,사랑
,소윤
,지윤
,준서
,세아
,서하
,아현
,유준
,시윤
,승
,준
,규민
,하민
,연우
,태준
,하윤
,영록
,석종
,채원
,승현
,준영
,승재
,도현
,민채
,소민
,규리
,수연
,주하
,도훈
,민혁
,은우
,지환
,재원
,수호
,희진
,유찬
,현서
,다온
,예서
,민석
,진우
,시온
,하율